Index,Soil Moisture(%),Evapotranspiration(% loss),Precipitation(% increase),IrrigationDemand(% needed),PumpStatus
1,64,0,0,0,OFF
2,63.943,0.057,0,0.057,OFF
3,63.892,0.051,0,0.051,OFF
4,63.842,0.05,0,0.05,OFF
5,63.796,0.046,0,0.046,OFF
6,63.736,0.06,0,0.06,OFF
7,63.691,0.045,0,0.045,OFF
8,63.638,0.053,0,0.053,OFF
9,63.583,0.055,0,0.055,OFF
10,63.529,0.054,0,0.054,OFF
11,63.479,0.05,0,0.05,OFF
12,63.428,0.051,0,0.051,OFF
13,63.376,0.052,0,0.052,OFF
14,63.319,0.057,0,0.057,OFF
15,63.265,0.054,0,0.054,OFF
16,63.22,0.045,0,0.045,OFF
17,63.165,0.055,0,0.055,OFF
18,63.115,0.05,0,0.05,OFF
19,63.063,0.052,0,0.052,OFF
20,63.004,0.059,0,0.059,OFF
21,62.954,0.049,0,0.049,OFF
22,62.904,0.051,0,0.051,OFF
23,62.854,0.05,0,0.05,OFF
24,62.798,0.056,0,0.056,OFF
25,62.744,0.054,0,0.054,OFF
26,62.695,0.049,0,0.049,OFF
27,62.644,0.052,0,0.052,OFF
28,62.591,0.053,0,0.053,OFF
29,62.534,0.057,0,0.057,OFF
30,62.491,0.043,0,0.043,OFF
31,62.434,0.057,0,0.057,OFF
32,62.381,0.053,0,0.053,OFF
33,62.334,0.047,0,0.047,OFF
34,62.273,0.061,0,0.061,OFF
35,62.222,0.051,0,0.051,OFF
36,62.178,0.044,0,0.044,OFF
37,62.116,0.062,0,0.062,OFF
38,62.068,0.048,0,0.048,OFF
39,62.018,0.049,0,0.049,OFF
40,61.963,0.056,0,0.056,OFF
41,61.913,0.05,0,0.05,OFF
42,61.857,0.056,0,0.056,OFF
43,61.809,0.048,0,0.048,OFF
44,61.756,0.053,0,0.053,OFF
45,61.702,0.054,0,0.054,OFF
46,61.65,0.052,0,0.052,OFF
47,61.596,0.054,0,0.054,OFF
48,61.546,0.051,0,0.051,OFF
49,61.49,0.055,0,0.055,OFF
50,61.441,0.049,0,0.049,OFF
51,61.39,0.052,0,0.052,OFF
52,61.34,0.049,0,0.049,OFF
53,61.284,0.057,0,0.057,OFF
54,61.234,0.049,0,0.049,OFF
55,61.181,0.053,0,0.053,OFF
56,61.13,0.051,0,0.051,OFF
57,61.072,0.058,0,0.058,OFF
58,61.027,0.045,0,0.045,OFF
59,60.97,0.057,0,0.057,OFF
60,60.923,0.047,0,0.047,OFF
61,60.867,0.057,0,0.057,OFF
62,60.815,0.052,0,0.052,OFF
63,60.765,0.049,0,0.049,OFF
64,60.714,0.052,0,0.052,OFF
65,60.654,0.059,0,0.059,OFF
66,60.604,0.051,0,0.051,OFF
67,60.558,0.046,0,0.046,OFF
68,60.505,0.053,0,0.053,OFF
69,60.45,0.055,0,0.055,OFF
70,60.396,0.054,0,0.054,OFF
71,60.344,0.052,0,0.052,OFF
72,60.29,0.054,0,0.054,OFF
73,60.245,0.044,0,0.044,OFF
74,60.185,0.06,0,0.06,OFF
75,60.134,0.051,0,0.051,OFF
76,60.084,0.051,0,0.051,OFF
77,60.029,0.055,0,0.055,OFF
78,59.981,0.048,0,0.048,OFF
79,59.927,0.054,0,0.054,OFF
80,59.872,0.054,0,0.054,OFF
81,59.823,0.049,0,0.049,OFF
82,59.768,0.055,0,0.055,OFF
83,59.716,0.052,0,0.052,OFF
84,59.668,0.048,0,0.048,OFF
85,59.611,0.057,0,0.057,OFF
86,59.566,0.046,0,0.046,OFF
87,59.508,0.058,0,0.058,OFF
88,59.457,0.051,0,0.051,OFF
89,59.405,0.052,0,0.052,OFF
90,59.35,0.055,0,0.055,OFF
91,59.3,0.051,0,0.051,OFF
92,59.247,0.053,0,0.053,OFF
93,59.194,0.053,0,0.053,OFF
94,59.146,0.048,0,0.048,OFF
95,59.095,0.051,0,0.051,OFF
96,59.042,0.053,0,0.053,OFF
97,58.987,0.055,0,0.055,OFF
98,58.935,0.052,0,0.052,OFF
99,58.887,0.048,0,0.048,OFF
100,58.834,0.053,0,0.053,OFF
101,58.775,0.059,0,0.059,OFF
102,58.73,0.046,0,0.046,OFF
103,58.673,0.056,0,0.056,OFF
104,58.618,0.055,0,0.055,OFF
105,58.57,0.048,0,0.048,OFF
106,58.514,0.056,0,0.056,OFF
107,58.465,0.049,0,0.049,OFF
108,58.414,0.051,0,0.051,OFF
109,58.362,0.052,0,0.052,OFF
110,58.312,0.05,0,0.05,OFF
111,58.254,0.058,0,0.058,OFF
112,58.201,0.053,0,0.053,OFF
113,58.148,0.053,0,0.053,OFF
114,58.1,0.048,0,0.048,OFF
115,58.051,0.05,0,0.05,OFF
116,57.995,0.056,0,0.056,OFF
117,57.947,0.048,0,0.048,OFF
118,57.887,0.06,0,0.06,OFF
119,57.837,0.05,0,0.05,OFF
120,57.791,0.046,0,0.046,OFF
121,57.737,0.054,0,0.054,OFF
122,57.68,0.056,0,0.056,OFF
123,57.635,0.046,0,0.046,OFF
124,57.577,0.058,0,0.058,OFF
125,57.53,0.047,0,0.047,OFF
126,57.473,0.057,0,0.057,OFF
127,57.419,0.054,0,0.054,OFF
128,57.368,0.051,0,0.051,OFF
129,57.32,0.048,0,0.048,OFF
130,57.268,0.052,0,0.052,OFF
131,57.215,0.052,0,0.052,OFF
132,57.157,0.058,0,0.058,OFF
133,57.104,0.053,0,0.053,OFF
134,57.051,0.053,0,0.053,OFF
135,57.001,0.05,0,0.05,OFF
136,56.956,0.045,0,0.045,OFF
137,56.899,0.057,0,0.057,OFF
138,56.851,0.049,0,0.049,OFF
139,56.8,0.051,0,0.051,OFF
140,56.744,0.056,0,0.056,OFF
141,56.691,0.054,0,0.054,OFF
142,56.638,0.053,0,0.053,OFF
143,56.584,0.054,0,0.054,OFF
144,56.533,0.051,0,0.051,OFF
145,56.483,0.05,0,0.05,OFF
146,56.432,0.051,0,0.051,OFF
147,56.381,0.051,0,0.051,OFF
148,56.324,0.058,0,0.058,OFF
149,56.27,0.054,0,0.054,OFF
150,56.225,0.045,0,0.045,OFF
151,56.166,0.059,0,0.059,OFF
152,56.119,0.047,0,0.047,OFF
153,56.069,0.05,0,0.05,OFF
154,56.01,0.059,0,0.059,OFF
155,55.955,0.055,0,0.055,OFF
156,55.907,0.048,0,0.048,OFF
157,55.85,0.057,0,0.057,OFF
158,55.808,0.043,0,0.043,OFF
159,55.754,0.054,0,0.054,OFF
160,55.698,0.055,0,0.055,OFF
161,55.65,0.048,0,0.048,OFF
162,55.599,0.051,0,0.051,OFF
163,55.541,0.058,0,0.058,OFF
164,55.49,0.051,0,0.051,OFF
165,55.44,0.05,0,0.05,OFF
166,55.385,0.055,0,0.055,OFF
167,55.329,0.056,0,0.056,OFF
168,55.281,0.048,0,0.048,OFF
169,55.232,0.049,0,0.049,OFF
170,55.178,0.054,0,0.054,OFF
171,55.126,0.052,0,0.052,OFF
172,55.075,0.051,0,0.051,OFF
173,55.025,0.05,0,0.05,OFF
174,54.97,0.054,0,0.054,OFF
175,54.919,0.051,0,0.051,OFF
176,54.866,0.053,0,0.053,OFF
177,54.813,0.054,0,0.054,OFF
178,54.756,0.057,0,0.057,OFF
179,54.708,0.048,0,0.048,OFF
180,54.655,0.053,0,0.053,OFF
181,54.599,0.056,0,0.056,OFF
182,54.553,0.046,0,0.046,OFF
183,54.501,0.052,0,0.052,OFF
184,54.447,0.054,0,0.054,OFF
185,54.393,0.055,0,0.055,OFF
186,54.346,0.047,0,0.047,OFF
187,54.291,0.054,0,0.054,OFF
188,54.236,0.055,0,0.055,OFF
189,54.183,0.053,0,0.053,OFF
190,54.137,0.047,0,0.047,OFF
191,54.08,0.057,0,0.057,OFF
192,54.03,0.05,0,0.05,OFF
193,53.971,0.059,0,0.059,OFF
194,53.927,0.044,0,0.044,OFF
195,53.876,0.051,0,0.051,OFF
196,53.822,0.054,0,0.054,OFF
197,53.77,0.052,0,0.052,OFF
198,53.715,0.055,0,0.055,OFF
199,53.667,0.048,0,0.048,OFF
200,53.61,0.058,0,0.058,OFF
201,53.56,0.05,0,0.05,OFF
202,53.51,0.05,0,0.05,OFF
203,53.455,0.055,0,0.055,OFF
204,53.406,0.048,0,0.048,OFF
205,53.351,0.056,0,0.056,OFF
206,53.296,0.054,0,0.054,OFF
207,53.243,0.053,0,0.053,OFF
208,53.193,0.051,0,0.051,OFF
209,53.142,0.05,0,0.05,OFF
210,53.085,0.058,0,0.058,OFF
211,53.039,0.046,0,0.046,OFF
212,52.989,0.05,0,0.05,OFF
213,52.935,0.054,0,0.054,OFF
214,52.877,0.058,0,0.058,OFF
215,52.829,0.048,0,0.048,OFF
216,52.774,0.056,0,0.056,OFF
217,52.719,0.055,0,0.055,OFF
218,52.671,0.048,0,0.048,OFF
219,52.618,0.053,0,0.053,OFF
220,52.561,0.057,0,0.057,OFF
221,52.515,0.046,0,0.046,OFF
222,52.457,0.058,0,0.058,OFF
223,52.412,0.045,0,0.045,OFF
224,52.361,0.051,0,0.051,OFF
225,52.302,0.06,0,0.06,OFF
226,52.254,0.047,0,0.047,OFF
227,52.197,0.057,0,0.057,OFF
228,52.152,0.045,0,0.045,OFF
229,52.099,0.054,0,0.054,OFF
230,52.047,0.051,0,0.051,OFF
231,51.997,0.051,0,0.051,OFF
232,51.944,0.052,0,0.052,OFF
233,51.889,0.055,0,0.055,OFF
234,51.83,0.059,0,0.059,OFF
235,51.783,0.047,0,0.047,OFF
236,51.732,0.051,0,0.051,OFF
237,51.674,0.058,0,0.058,OFF
238,51.627,0.047,0,0.047,OFF
239,51.57,0.057,0,0.057,OFF
240,51.523,0.046,0,0.046,OFF
241,51.467,0.056,0,0.056,OFF
242,51.417,0.05,0,0.05,OFF
243,51.362,0.055,0,0.055,OFF
244,51.313,0.049,0,0.049,OFF
245,51.266,0.047,0,0.047,OFF
246,51.21,0.056,0,0.056,OFF
247,51.16,0.05,0,0.05,OFF
248,51.099,0.06,0,0.06,OFF
249,51.055,0.044,0,0.044,OFF
250,51,0.055,0,0.055,OFF
251,51,0,0,0,OFF
252,50.962,0.038,0,0.038,OFF
253,50.93,0.032,0,0.032,OFF
254,50.869,0.061,0,0.061,OFF
255,50.861,0.008,0,0.008,OFF
256,50.874,0,0,0,OFF
257,50.83,0.043,0,0.043,OFF
258,50.79,0.041,0,0.041,OFF
259,50.764,0.026,0,0.026,OFF
260,50.727,0.037,0,0.037,OFF
261,50.673,0.054,0,0.054,OFF
262,50.622,0.051,0,0.051,OFF
263,50.604,0.018,0,0.018,OFF
264,50.607,0,0,0,OFF
265,50.601,0.006,0,0.006,OFF
266,50.593,0.008,0,0.008,OFF
267,50.58,0.014,0,0.014,OFF
268,50.565,0.015,0,0.015,OFF
269,50.542,0.022,0,0.022,OFF
270,50.527,0.015,0,0.015,OFF
271,50.497,0.031,0,0.031,OFF
272,50.481,0.016,0,0.016,OFF
273,50.478,0.003,0,0.003,OFF
274,50.449,0.029,0,0.029,OFF
275,50.409,0.04,0,0.04,OFF
276,50.368,0.041,0,0.041,OFF
277,50.342,0.027,0,0.027,OFF
278,50.284,0.057,0,0.057,OFF
279,50.232,0.052,0,0.052,OFF
280,50.2,0.032,0,0.032,OFF
281,50.154,0.046,0,0.046,OFF
282,50.133,0.021,0,0.021,OFF
283,50.129,0.005,0,0.005,OFF
284,50.117,0.012,0,0.012,OFF
285,50.083,0.035,0,0.035,OFF
286,50.017,0.066,0,0.066,OFF
287,49.973,0.044,0,0.044,OFF
288,49.933,0.04,0,0.04,OFF
289,49.931,0.001,0,0.001,OFF
290,49.899,0.032,0,0.032,OFF
291,49.857,0.042,0,0.042,OFF
292,49.859,0,0,0,OFF
293,49.843,0.016,0,0.016,OFF
294,49.82,0.023,0,0.023,OFF
295,49.799,0.02,0,0.02,OFF
296,49.762,0.037,0,0.037,OFF
297,49.744,0.018,0,0.018,OFF
298,49.706,0.038,0,0.038,OFF
299,49.695,0.011,0,0.011,OFF
300,49.665,0.031,0,0.031,OFF
301,49.626,0.039,0,0.039,OFF
302,49.574,0.051,0,0.051,OFF
303,49.55,0.024,0,0.024,OFF
304,49.543,0.007,0,0.007,OFF
305,49.502,0.041,0,0.041,OFF
306,49.473,0.028,0,0.028,OFF
307,49.439,0.034,0,0.034,OFF
308,49.398,0.041,0,0.041,OFF
309,49.347,0.051,0,0.051,OFF
310,49.332,0.015,0,0.015,OFF
311,49.32,0.011,0,0.011,OFF
312,49.293,0.027,0,0.027,OFF
313,49.281,0.012,0,0.012,OFF
314,49.272,0.008,0,0.008,OFF
315,49.218,0.054,0,0.054,OFF
316,49.195,0.024,0,0.024,OFF
317,49.184,0.011,0,0.011,OFF
318,49.148,0.035,0,0.035,OFF
319,49.125,0.023,0,0.023,OFF
320,49.103,0.022,0,0.022,OFF
321,49.088,0.015,0,0.015,OFF
322,49.068,0.02,0,0.02,OFF
323,49.049,0.019,0,0.019,OFF
324,49.003,0.046,0,0.046,OFF
325,48.977,0.026,0,0.026,OFF
326,48.931,0.046,0,0.046,OFF
327,48.917,0.014,0,0.014,OFF
328,48.88,0.037,0,0.037,OFF
329,48.848,0.032,0,0.032,OFF
330,48.832,0.016,0,0.016,OFF
331,48.803,0.029,0,0.029,OFF
332,48.771,0.031,0,0.031,OFF
333,48.773,0,0,0,OFF
334,48.744,0.03,0,0.03,OFF
335,48.73,0.014,0,0.014,OFF
336,48.725,0.005,0,0.005,OFF
337,48.719,0.005,0,0.005,OFF
338,48.697,0.022,0,0.022,OFF
339,48.668,0.028,0,0.028,OFF
340,48.641,0.027,0,0.027,OFF
341,48.606,0.035,0,0.035,OFF
342,48.578,0.028,0,0.028,OFF
343,48.53,0.048,0,0.048,OFF
344,48.497,0.033,0,0.033,OFF
345,48.468,0.029,0,0.029,OFF
346,48.456,0.012,0,0.012,OFF
347,48.421,0.035,0,0.035,OFF
348,48.4,0.022,0,0.022,OFF
349,48.377,0.023,0,0.023,OFF
350,48.363,0.013,0,0.013,OFF
351,48.333,0.03,0,0.03,OFF
352,48.3,0.033,0,0.033,OFF
353,48.27,0.029,0,0.029,OFF
354,48.228,0.042,0,0.042,OFF
355,48.186,0.042,0,0.042,OFF
356,48.159,0.028,0,0.028,OFF
357,48.153,0.005,0,0.005,OFF
358,48.122,0.031,0,0.031,OFF
359,48.111,0.011,0,0.011,OFF
360,48.104,0.007,0,0.007,OFF
361,48.09,0.014,0,0.014,OFF
362,48.048,0.042,0,0.042,OFF
363,48.045,0.003,0,0.003,OFF
364,48.034,0.011,0,0.011,OFF
365,47.994,0.041,0,0.041,OFF
366,47.974,0.019,0,0.019,OFF
367,47.933,0.041,0,0.041,OFF
368,47.895,0.038,0,0.038,OFF
369,47.869,0.026,0,0.026,OFF
370,47.864,0.005,0,0.005,OFF
371,47.849,0.015,0,0.015,OFF
372,47.825,0.024,0,0.024,OFF
373,47.797,0.028,0,0.028,OFF
374,47.742,0.055,0,0.055,OFF
375,47.704,0.038,0,0.038,OFF
376,47.708,0,0,0,OFF
377,47.678,0.03,0,0.03,OFF
378,47.658,0.02,0,0.02,OFF
379,47.636,0.022,0,0.022,OFF
380,47.593,0.043,0,0.043,OFF
381,47.548,0.045,0,0.045,OFF
382,47.523,0.025,0,0.025,OFF
383,47.485,0.038,0,0.038,OFF
384,47.457,0.028,0,0.028,OFF
385,47.44,0.017,0,0.017,OFF
386,47.42,0.02,0,0.02,OFF
387,47.376,0.044,0,0.044,OFF
388,47.361,0.015,0,0.015,OFF
389,47.361,0,0,0,OFF
390,47.337,0.023,0,0.023,OFF
391,47.31,0.028,0,0.028,OFF
392,47.272,0.038,0,0.038,OFF
393,47.235,0.037,0,0.037,OFF
394,47.223,0.012,0,0.012,OFF
395,47.186,0.037,0,0.037,OFF
396,47.119,0.067,0,0.067,OFF
397,47.095,0.024,0,0.024,OFF
398,47.071,0.024,0,0.024,OFF
399,47.042,0.029,0,0.029,OFF
400,47.003,0.039,0,0.039,OFF
401,46.949,0.053,0,0.053,OFF
402,46.919,0.03,0,0.03,OFF
403,46.893,0.026,0,0.026,OFF
404,46.865,0.027,0,0.027,OFF
405,46.843,0.023,0,0.023,OFF
406,46.83,0.012,0,0.012,OFF
407,46.791,0.039,0,0.039,OFF
408,46.766,0.025,0,0.025,OFF
409,46.741,0.025,0,0.025,OFF
410,46.717,0.025,0,0.025,OFF
411,46.673,0.044,0,0.044,OFF
412,46.653,0.019,0,0.019,OFF
413,46.635,0.019,0,0.019,OFF
414,46.612,0.023,0,0.023,OFF
415,46.559,0.053,0,0.053,OFF
416,46.539,0.021,0,0.021,OFF
417,46.502,0.036,0,0.036,OFF
418,46.493,0.009,0,0.009,OFF
419,46.462,0.031,0,0.031,OFF
420,46.432,0.03,0,0.03,OFF
421,46.414,0.017,0,0.017,OFF
422,46.372,0.042,0,0.042,OFF
423,46.354,0.019,0,0.019,OFF
424,46.339,0.015,0,0.015,OFF
425,46.302,0.037,0,0.037,OFF
426,46.295,0.007,0,0.007,OFF
427,46.267,0.028,0,0.028,OFF
428,46.253,0.014,0,0.014,OFF
429,46.203,0.05,0,0.05,OFF
430,46.165,0.038,0,0.038,OFF
431,46.13,0.035,0,0.035,OFF
432,46.099,0.031,0,0.031,OFF
433,46.06,0.039,0,0.039,OFF
434,46.041,0.019,0,0.019,OFF
435,45.998,0.043,0,0.043,OFF
436,45.978,0.02,0,0.02,OFF
437,45.934,0.044,0,0.044,OFF
438,45.92,0.014,0,0.014,OFF
439,45.883,0.037,0,0.037,OFF
440,45.873,0.01,0,0.01,OFF
441,45.856,0.018,0,0.018,OFF
442,45.822,0.033,0,0.033,OFF
443,45.807,0.016,0,0.016,OFF
444,45.802,0.005,0,0.005,OFF
445,45.77,0.031,0,0.031,OFF
446,45.772,0,0,0,OFF
447,45.765,0.008,0,0.008,OFF
448,45.727,0.038,0,0.038,OFF
449,45.682,0.044,0,0.044,OFF
450,45.66,0.022,0,0.022,OFF
451,45.626,0.035,0,0.035,OFF
452,45.612,0.013,0,0.013,OFF
453,45.559,0.053,0,0.053,OFF
454,45.535,0.024,0,0.024,OFF
455,45.489,0.047,0,0.047,OFF
456,45.464,0.024,0,0.024,OFF
457,45.424,0.04,0,0.04,OFF
458,45.401,0.023,0,0.023,OFF
459,45.355,0.046,0,0.046,OFF
460,45.352,0.003,0,0.003,OFF
461,45.337,0.015,0,0.015,OFF
462,45.319,0.018,0,0.018,OFF
463,45.303,0.016,0,0.016,OFF
464,45.251,0.052,0,0.052,OFF
465,45.198,0.053,0,0.053,OFF
466,45.147,0.051,0,0.051,OFF
467,45.105,0.043,0,0.043,OFF
468,45.106,0,0,0,OFF
469,45.078,0.028,0,0.028,OFF
470,45.045,0.033,0,0.033,OFF
471,45.008,0.037,0,0.037,OFF
472,44.975,0.033,0,0.033,OFF
473,44.936,0.039,0,0.039,OFF
474,44.895,0.04,0,0.04,OFF
475,44.871,0.024,0,0.024,OFF
476,44.822,0.049,0,0.049,OFF
477,44.783,0.04,0,0.04,OFF
478,44.736,0.047,0,0.047,OFF
479,44.697,0.039,0,0.039,OFF
480,44.684,0.014,0,0.014,OFF
481,44.681,0.003,0,0.003,OFF
482,44.675,0.007,0,0.007,OFF
483,44.661,0.013,0,0.013,OFF
484,44.638,0.023,0,0.023,OFF
485,44.618,0.021,0,0.021,OFF
486,44.606,0.011,0,0.011,OFF
487,44.582,0.025,0,0.025,OFF
488,44.572,0.009,0,0.009,OFF
489,44.552,0.02,0,0.02,OFF
490,44.531,0.02,0,0.02,OFF
491,44.507,0.025,0,0.025,OFF
492,44.483,0.023,0,0.023,OFF
493,44.48,0.003,0,0.003,OFF
494,44.473,0.007,0,0.007,OFF
495,44.437,0.036,0,0.036,OFF
496,44.401,0.036,0,0.036,OFF
497,44.384,0.016,0,0.016,OFF
498,44.359,0.025,0,0.025,OFF
499,44.338,0.021,0,0.021,OFF
500,44.306,0.032,0,0.032,OFF
501,44.269,0.037,0,0.037,OFF
502,44.239,0.029,0,0.029,OFF
503,44.201,0.038,0,0.038,OFF
504,44.185,0.016,0,0.016,OFF
505,44.158,0.026,0,0.026,OFF
506,44.148,0.011,0,0.011,OFF
507,44.107,0.041,0,0.041,OFF
508,44.06,0.047,0,0.047,OFF
509,44.025,0.035,0,0.035,OFF
510,43.998,0.027,0,0.027,OFF
511,43.975,0.023,0,0.023,OFF
512,43.92,0.055,0,0.055,OFF
513,43.882,0.039,0,0.039,OFF
514,43.866,0.015,0,0.015,OFF
515,43.842,0.025,0,0.025,OFF
516,43.826,0.016,0,0.016,OFF
517,43.786,0.04,0,0.04,OFF
518,43.75,0.036,0,0.036,OFF
519,43.71,0.04,0,0.04,OFF
520,43.709,0.001,0,0.001,OFF
521,43.693,0.017,0,0.017,OFF
522,43.671,0.022,0,0.022,OFF
523,43.633,0.038,0,0.038,OFF
524,43.617,0.016,0,0.016,OFF
525,43.575,0.041,0,0.041,OFF
526,43.549,0.026,0,0.026,OFF
527,43.519,0.03,0,0.03,OFF
528,43.478,0.041,0,0.041,OFF
529,43.454,0.025,0,0.025,OFF
530,43.429,0.025,0,0.025,OFF
531,43.383,0.046,0,0.046,OFF
532,43.337,0.046,0,0.046,OFF
533,43.308,0.029,0,0.029,OFF
534,43.274,0.034,0,0.034,OFF
535,43.259,0.015,0,0.015,OFF
536,43.218,0.041,0,0.041,OFF
537,43.149,0.069,0,0.069,OFF
538,43.1,0.049,0,0.049,OFF
539,43.098,0.002,0,0.002,OFF
540,43.063,0.034,0,0.034,OFF
541,43.03,0.033,0,0.033,OFF
542,42.978,0.052,0,0.052,OFF
543,42.931,0.047,0,0.047,OFF
544,42.892,0.039,0,0.039,OFF
545,42.88,0.012,0,0.012,OFF
546,42.865,0.016,0,0.016,OFF
547,42.835,0.029,0,0.029,OFF
548,42.808,0.028,0,0.028,OFF
549,42.765,0.043,0,0.043,OFF
550,42.747,0.018,0,0.018,OFF
551,42.722,0.025,0,0.025,OFF
552,42.707,0.015,0,0.015,OFF
553,42.675,0.032,0,0.032,OFF
554,42.661,0.013,0,0.013,OFF
555,42.656,0.005,0,0.005,OFF
556,42.634,0.022,0,0.022,OFF
557,42.605,0.029,0,0.029,OFF
558,42.546,0.059,0,0.059,OFF
559,42.514,0.031,0,0.031,OFF
560,42.464,0.051,0,0.051,OFF
561,42.454,0.009,0,0.009,OFF
562,42.409,0.045,0,0.045,OFF
563,42.39,0.019,0,0.019,OFF
564,42.378,0.012,0,0.012,OFF
565,42.356,0.023,0,0.023,OFF
566,42.334,0.022,0,0.022,OFF
567,42.287,0.047,0,0.047,OFF
568,42.261,0.026,0,0.026,OFF
569,42.216,0.045,0,0.045,OFF
570,42.19,0.026,0,0.026,OFF
571,42.181,0.01,0,0.01,OFF
572,42.178,0.002,0,0.002,OFF
573,42.149,0.029,0,0.029,OFF
574,42.12,0.029,0,0.029,OFF
575,42.084,0.036,0,0.036,OFF
576,42.053,0.03,0,0.03,OFF
577,42.028,0.026,0,0.026,OFF
578,42.007,0.021,0,0.021,OFF
579,41.963,0.044,0,0.044,OFF
580,41.909,0.054,0,0.054,OFF
581,41.861,0.047,0,0.047,OFF
582,41.837,0.024,0,0.024,OFF
583,41.812,0.025,0,0.025,OFF
584,41.788,0.024,0,0.024,OFF
585,41.757,0.031,0,0.031,OFF
586,41.722,0.035,0,0.035,OFF
587,41.697,0.025,0,0.025,OFF
588,41.664,0.032,0,0.032,OFF
589,41.633,0.032,0,0.032,OFF
590,41.601,0.032,0,0.032,OFF
591,41.575,0.026,0,0.026,OFF
592,41.543,0.032,0,0.032,OFF
593,41.494,0.049,0,0.049,OFF
594,41.472,0.022,0,0.022,OFF
595,41.435,0.037,0,0.037,OFF
596,41.398,0.038,0,0.038,OFF
597,41.396,0.002,0,0.002,OFF
598,41.379,0.017,0,0.017,OFF
599,41.355,0.025,0,0.025,OFF
600,41.321,0.034,0,0.034,OFF
601,41.3,0.021,0,0.021,OFF
602,41.269,0.031,0,0.031,OFF
603,41.224,0.045,0,0.045,OFF
604,41.186,0.038,0,0.038,OFF
605,41.175,0.011,0,0.011,OFF
606,41.146,0.028,0,0.028,OFF
607,41.129,0.018,0,0.018,OFF
608,41.098,0.031,0,0.031,OFF
609,41.066,0.032,0,0.032,OFF
610,41.032,0.034,0,0.034,OFF
611,41.002,0.031,0,0.031,OFF
612,40.977,0.025,0,0.025,OFF
613,40.934,0.043,0,0.043,OFF
614,40.903,0.031,0,0.031,OFF
615,40.862,0.041,0,0.041,OFF
616,40.836,0.026,0,0.026,OFF
617,40.817,0.019,0,0.019,OFF
618,40.805,0.011,0,0.011,OFF
619,40.765,0.04,0,0.04,OFF
620,40.717,0.049,0,0.049,OFF
621,40.694,0.022,0,0.022,OFF
622,40.642,0.053,0,0.053,OFF
623,40.59,0.052,0,0.052,OFF
624,40.538,0.051,0,0.051,OFF
625,40.503,0.036,0,0.036,OFF
626,40.452,0.051,0,0.051,OFF
627,40.43,0.021,0,0.021,OFF
628,40.404,0.026,0,0.026,OFF
629,40.395,0.009,0,0.009,OFF
630,40.386,0.009,0,0.009,OFF
631,40.358,0.028,0,0.028,OFF
632,40.352,0.005,0,0.005,OFF
633,40.34,0.012,0,0.012,OFF
634,40.313,0.027,0,0.027,OFF
635,40.291,0.023,0,0.023,OFF
636,40.261,0.029,0,0.029,OFF
637,40.213,0.048,0,0.048,OFF
638,40.187,0.026,0,0.026,OFF
639,40.156,0.031,0,0.031,OFF
640,40.143,0.014,0,0.014,OFF
641,40.102,0.041,0,0.041,OFF
642,40.095,0.007,0,0.007,OFF
643,40.062,0.033,0,0.033,OFF
644,40.016,0.045,0,0.045,OFF
645,39.997,0.019,0,0.019,OFF
646,39.968,0.029,0,0.029,OFF
647,39.953,0.015,0,0.015,OFF
648,39.927,0.026,0,0.026,OFF
649,39.901,0.026,0,0.026,OFF
650,39.876,0.025,0,0.025,OFF
651,39.841,0.035,0,0.035,OFF
652,39.804,0.037,0,0.037,OFF
653,39.785,0.019,0,0.019,OFF
654,39.767,0.018,0,0.018,OFF
655,39.741,0.026,0,0.026,OFF
656,39.704,0.036,0,0.036,OFF
657,39.658,0.047,0,0.047,OFF
658,39.636,0.022,0,0.022,OFF
659,39.621,0.015,0,0.015,OFF
660,39.579,0.041,0,0.041,OFF
661,39.551,0.028,0,0.028,OFF
662,39.513,0.039,0,0.039,OFF
663,39.488,0.025,0,0.025,OFF
664,39.477,0.011,0,0.011,OFF
665,39.448,0.029,0,0.029,OFF
666,39.423,0.025,0,0.025,OFF
667,39.388,0.035,0,0.035,OFF
668,39.354,0.034,0,0.034,OFF
669,39.323,0.031,0,0.031,OFF
670,39.269,0.054,0,0.054,OFF
671,39.245,0.024,0,0.024,OFF
672,39.214,0.031,0,0.031,OFF
673,39.196,0.018,0,0.018,OFF
674,39.164,0.032,0,0.032,OFF
675,39.153,0.011,0,0.011,OFF
676,39.116,0.037,0,0.037,OFF
677,39.078,0.038,0,0.038,OFF
678,39.057,0.021,0,0.021,OFF
679,39.049,0.008,0,0.008,OFF
680,39.003,0.046,0,0.046,OFF
681,38.956,0.047,0,0.047,OFF
682,38.917,0.039,0,0.039,OFF
683,38.895,0.022,0,0.022,OFF
684,38.853,0.042,0,0.042,OFF
685,38.819,0.034,0,0.034,OFF
686,38.795,0.024,0,0.024,OFF
687,38.782,0.013,0,0.013,OFF
688,38.747,0.035,0,0.035,OFF
689,38.712,0.035,0,0.035,OFF
690,38.68,0.032,0,0.032,OFF
691,38.642,0.039,0,0.039,OFF
692,38.584,0.058,0,0.058,OFF
693,38.509,0.075,0,0.075,OFF
694,38.509,0,0,0,OFF
695,38.496,0.012,0,0.012,OFF
696,38.473,0.023,0,0.023,OFF
697,38.459,0.015,0,0.015,OFF
698,38.451,0.007,0,0.007,OFF
699,38.448,0.003,0,0.003,OFF
700,38.426,0.022,0,0.022,OFF
701,38.403,0.023,0,0.023,OFF
702,38.405,0,0,0,OFF
703,38.378,0.027,0,0.027,OFF
704,38.36,0.018,0,0.018,OFF
705,38.313,0.048,0,0.048,OFF
706,38.325,0,0,0,OFF
707,38.307,0.018,0,0.018,OFF
708,38.261,0.046,0,0.046,OFF
709,38.223,0.038,0,0.038,OFF
710,38.191,0.032,0,0.032,OFF
711,38.177,0.014,0,0.014,OFF
712,38.147,0.03,0,0.03,OFF
713,38.135,0.013,0,0.013,OFF
714,38.104,0.03,0,0.03,OFF
715,38.086,0.018,0,0.018,OFF
716,38.068,0.018,0,0.018,OFF
717,38.054,0.014,0,0.014,OFF
718,38.009,0.046,0,0.046,OFF
719,37.986,0.022,0,0.022,OFF
720,37.949,0.037,0,0.037,OFF
721,37.899,0.051,0,0.051,OFF
722,37.871,0.027,0,0.027,OFF
723,37.828,0.043,0,0.043,OFF
724,37.846,0,0,0,OFF
725,37.833,0.013,0,0.013,OFF
726,37.814,0.019,0,0.019,OFF
727,37.768,0.045,0,0.045,OFF
728,37.75,0.019,0,0.019,OFF
729,37.698,0.051,0,0.051,OFF
730,37.653,0.046,0,0.046,OFF
731,37.621,0.031,0,0.031,OFF
732,37.608,0.014,0,0.014,OFF
733,37.561,0.047,0,0.047,OFF
734,37.523,0.037,0,0.037,OFF
735,37.518,0.005,0,0.005,OFF
736,37.504,0.014,0,0.014,OFF
737,37.452,0.052,0,0.052,OFF
738,37.45,0.002,0,0.002,OFF
739,37.419,0.031,0,0.031,OFF
740,37.391,0.028,0,0.028,OFF
741,37.369,0.023,0,0.023,OFF
742,37.367,0.002,0,0.002,OFF
743,37.343,0.024,0,0.024,OFF
744,37.328,0.015,0,0.015,OFF
745,37.307,0.021,0,0.021,OFF
746,37.277,0.031,0,0.031,OFF
747,37.247,0.03,0,0.03,OFF
748,37.223,0.023,0,0.023,OFF
749,37.201,0.023,0,0.023,OFF
750,37.195,0.005,0,0.005,OFF
751,37.191,0.004,0,0.004,OFF
752,37.146,0.045,0,0.045,OFF
753,37.114,0.032,0,0.032,OFF
754,37.082,0.032,0,0.032,OFF
755,37.052,0.03,0,0.03,OFF
756,37.013,0.039,0,0.039,OFF
757,36.983,0.03,0,0.03,OFF
758,36.935,0.049,0,0.049,OFF
759,36.895,0.039,0,0.039,OFF
760,36.863,0.033,0,0.033,OFF
761,36.858,0.004,0,0.004,OFF
762,36.822,0.036,0,0.036,OFF
763,36.787,0.035,0,0.035,OFF
764,36.748,0.039,0,0.039,OFF
765,36.742,0.006,0,0.006,OFF
766,36.689,0.054,0,0.054,OFF
767,36.657,0.031,0,0.031,OFF
768,36.633,0.024,0,0.024,OFF
769,36.619,0.014,0,0.014,OFF
770,36.605,0.014,0,0.014,OFF
771,36.566,0.039,0,0.039,OFF
772,36.539,0.027,0,0.027,OFF
773,36.5,0.038,0,0.038,OFF
774,36.476,0.025,0,0.025,OFF
775,36.446,0.03,0,0.03,OFF
776,36.403,0.043,0,0.043,OFF
777,36.364,0.039,0,0.039,OFF
778,36.345,0.019,0,0.019,OFF
779,36.309,0.036,0,0.036,OFF
780,36.291,0.018,0,0.018,OFF
781,36.258,0.034,0,0.034,OFF
782,36.227,0.031,0,0.031,OFF
783,36.185,0.042,0,0.042,OFF
784,36.16,0.025,0,0.025,OFF
785,36.109,0.051,0,0.051,OFF
786,36.068,0.041,0,0.041,OFF
787,36.058,0.01,0,0.01,OFF
788,36.029,0.029,0,0.029,OFF
789,36.016,0.013,0,0.013,OFF
790,35.973,0.044,0,0.044,OFF
791,35.949,0.024,0,0.024,OFF
792,35.942,0.007,0,0.007,OFF
793,35.912,0.029,0,0.029,OFF
794,35.878,0.035,0,0.035,OFF
795,35.867,0.011,0,0.011,OFF
796,35.848,0.019,0,0.019,OFF
797,35.795,0.054,0,0.054,OFF
798,35.77,0.025,0,0.025,OFF
799,35.744,0.025,0,0.025,OFF
800,35.689,0.055,0,0.055,OFF
801,35.658,0.031,0,0.031,OFF
802,35.64,0.018,0,0.018,OFF
803,35.603,0.037,0,0.037,OFF
804,35.581,0.022,0,0.022,OFF
805,35.584,0,0,0,OFF
806,35.565,0.019,0,0.019,OFF
807,35.538,0.027,0,0.027,OFF
808,35.515,0.023,0,0.023,OFF
809,35.493,0.022,0,0.022,OFF
810,35.47,0.023,0,0.023,OFF
811,35.469,0.001,0,0.001,OFF
812,35.434,0.036,0,0.036,OFF
813,35.451,0,0,0,OFF
814,35.461,0,0,0,OFF
815,35.431,0.031,0,0.031,OFF
816,35.419,0.012,0,0.012,OFF
817,35.392,0.027,0,0.027,OFF
818,35.354,0.038,0,0.038,OFF
819,35.314,0.04,0,0.04,OFF
820,35.302,0.012,0,0.012,OFF
821,35.263,0.039,0,0.039,OFF
822,35.241,0.021,0,0.021,OFF
823,35.189,0.052,0,0.052,OFF
824,35.159,0.031,0,0.031,OFF
825,35.135,0.024,0,0.024,OFF
826,35.096,0.038,0,0.038,OFF
827,35.069,0.027,0,0.027,OFF
828,35.038,0.031,0,0.031,OFF
829,35.006,0.032,0,0.032,OFF
830,34.996,0.01,0,0.01,OFF
831,34.948,0.048,0,0.048,OFF
832,34.923,0.025,0,0.025,OFF
833,34.858,0.065,0,0.065,OFF
834,34.834,0.024,0,0.024,OFF
835,34.808,0.026,0,0.026,OFF
836,34.785,0.023,0,0.023,OFF
837,34.749,0.036,0,0.036,OFF
838,34.738,0.011,0,0.011,OFF
839,34.695,0.043,0,0.043,OFF
840,34.675,0.02,0,0.02,OFF
841,34.646,0.028,0,0.028,OFF
842,34.608,0.039,0,0.039,OFF
843,34.586,0.022,0,0.022,OFF
844,34.583,0.003,0,0.003,OFF
845,34.565,0.018,0,0.018,OFF
846,34.567,0,0,0,OFF
847,34.51,0.058,0,0.058,OFF
848,34.494,0.016,0,0.016,OFF
849,34.464,0.03,0,0.03,OFF
850,34.427,0.037,0,0.037,OFF
851,34.385,0.042,0,0.042,OFF
852,34.365,0.02,0,0.02,OFF
853,34.371,0,0,0,OFF
854,34.352,0.019,0,0.019,OFF
855,34.356,0,0,0,OFF
856,34.306,0.05,0,0.05,OFF
857,34.288,0.018,0,0.018,OFF
858,34.262,0.026,0,0.026,OFF
859,34.235,0.027,0,0.027,OFF
860,34.204,0.031,0,0.031,OFF
861,34.17,0.034,0,0.034,OFF
862,34.142,0.028,0,0.028,OFF
863,34.165,0,0,0,OFF
864,34.159,0.006,0,0.006,OFF
865,34.143,0.015,0,0.015,OFF
866,34.087,0.057,0,0.057,OFF
867,34.057,0.03,0,0.03,OFF
868,34.051,0.006,0,0.006,OFF
869,34.017,0.034,0,0.034,OFF
870,33.958,0.059,0,0.059,OFF
871,33.921,0.037,0,0.037,OFF
872,33.884,0.037,0,0.037,OFF
873,33.865,0.019,0,0.019,OFF
874,33.821,0.044,0,0.044,OFF
875,33.815,0.006,0,0.006,OFF
876,33.771,0.044,0,0.044,OFF
877,33.737,0.034,0,0.034,OFF
878,33.724,0.013,0,0.013,OFF
879,33.702,0.022,0,0.022,OFF
880,33.674,0.028,0,0.028,OFF
881,33.645,0.03,0,0.03,OFF
882,33.629,0.016,0,0.016,OFF
883,33.612,0.017,0,0.017,OFF
884,33.56,0.052,0,0.052,OFF
885,33.526,0.034,0,0.034,OFF
886,33.485,0.041,0,0.041,OFF
887,33.464,0.021,0,0.021,OFF
888,33.442,0.022,0,0.022,OFF
889,33.402,0.04,0,0.04,OFF
890,33.398,0.004,0,0.004,OFF
891,33.375,0.022,0,0.022,OFF
892,33.348,0.027,0,0.027,OFF
893,33.299,0.049,0,0.049,OFF
894,33.278,0.021,0,0.021,OFF
895,33.231,0.047,0,0.047,OFF
896,33.183,0.047,0,0.047,OFF
897,33.152,0.031,0,0.031,OFF
898,33.109,0.043,0,0.043,OFF
899,33.083,0.026,0,0.026,OFF
900,33.059,0.024,0,0.024,OFF
901,33.024,0.035,0,0.035,OFF
902,33.017,0.006,0,0.006,OFF
903,32.955,0.062,0,0.062,OFF
904,32.927,0.028,0,0.028,OFF
905,32.918,0.008,0,0.008,OFF
906,32.878,0.041,0,0.041,OFF
907,32.858,0.02,0,0.02,OFF
908,32.84,0.018,0,0.018,OFF
909,32.816,0.024,0,0.024,OFF
910,32.802,0.015,0,0.015,OFF
911,32.792,0.01,0,0.01,OFF
912,32.744,0.047,0,0.047,OFF
913,32.717,0.028,0,0.028,OFF
914,32.702,0.015,0,0.015,OFF
915,32.673,0.028,0,0.028,OFF
916,32.68,0,0,0,OFF
917,32.658,0.023,0,0.023,OFF
918,32.603,0.054,0,0.054,OFF
919,32.582,0.022,0,0.022,OFF
920,32.555,0.026,0,0.026,OFF
921,32.526,0.03,0,0.03,OFF
922,32.509,0.016,0,0.016,OFF
923,32.479,0.031,0,0.031,OFF
924,32.457,0.022,0,0.022,OFF
925,32.416,0.041,0,0.041,OFF
926,32.398,0.018,0,0.018,OFF
927,32.387,0.011,0,0.011,OFF
928,32.365,0.022,0,0.022,OFF
929,32.333,0.032,0,0.032,OFF
930,32.308,0.025,0,0.025,OFF
931,32.266,0.042,0,0.042,OFF
932,32.228,0.038,0,0.038,OFF
933,32.216,0.012,0,0.012,OFF
934,32.161,0.056,0,0.056,OFF
935,32.14,0.02,0,0.02,OFF
936,32.122,0.019,0,0.019,OFF
937,32.148,0,0,0,OFF
938,32.121,0.026,0,0.026,OFF
939,32.114,0.008,0,0.008,OFF
940,32.053,0.06,0,0.06,OFF
941,32.033,0.02,0,0.02,OFF
942,32.011,0.022,0,0.022,OFF
943,31.971,0.04,0,0.04,OFF
944,31.937,0.035,0,0.035,OFF
945,31.914,0.022,0,0.022,OFF
946,31.878,0.036,0,0.036,OFF
947,31.827,0.051,0,0.051,OFF
948,31.8,0.027,0,0.027,OFF
949,31.764,0.036,0,0.036,OFF
950,31.767,0,0,0,OFF
951,31.732,0.034,0,0.034,OFF
952,31.71,0.022,0,0.022,OFF
953,31.699,0.011,0,0.011,OFF
954,31.666,0.033,0,0.033,OFF
955,31.615,0.05,0,0.05,OFF
956,31.606,0.009,0,0.009,OFF
957,31.594,0.012,0,0.012,OFF
958,31.588,0.006,0,0.006,OFF
959,31.577,0.011,0,0.011,OFF
960,31.542,0.035,0,0.035,OFF
961,31.516,0.026,0,0.026,OFF
962,31.499,0.017,0,0.017,OFF
963,31.456,0.043,0,0.043,OFF
964,31.426,0.03,0,0.03,OFF
965,31.398,0.028,0,0.028,OFF
966,31.375,0.024,0,0.024,OFF
967,31.339,0.035,0,0.035,OFF
968,31.311,0.028,0,0.028,OFF
969,31.252,0.06,0,0.06,OFF
970,31.225,0.027,0,0.027,OFF
971,31.185,0.04,0,0.04,OFF
972,31.154,0.03,0,0.03,OFF
973,31.128,0.026,0,0.026,OFF
974,31.115,0.013,0,0.013,OFF
975,31.093,0.022,0,0.022,OFF
976,31.069,0.025,0,0.025,OFF
977,31.047,0.022,0,0.022,OFF
978,31.019,0.028,0,0.028,OFF
979,30.984,0.035,0,0.035,OFF
980,30.952,0.032,0,0.032,OFF
981,30.914,0.038,0,0.038,OFF
982,30.891,0.023,0,0.023,OFF
983,30.882,0.01,0,0.01,OFF
984,30.854,0.028,0,0.028,OFF
985,30.851,0.003,0,0.003,OFF
986,30.816,0.036,0,0.036,OFF
987,30.784,0.031,0,0.031,OFF
988,30.741,0.043,0,0.043,OFF
989,30.698,0.043,0,0.043,OFF
990,30.686,0.012,0,0.012,OFF
991,30.661,0.024,0,0.024,OFF
992,30.618,0.044,0,0.044,OFF
993,30.611,0.007,0,0.007,OFF
994,30.581,0.03,0,0.03,OFF
995,30.543,0.038,0,0.038,OFF
996,30.541,0.002,0,0.002,OFF
997,30.497,0.044,0,0.044,OFF
998,30.493,0.004,0,0.004,OFF
999,30.496,0,0,0,OFF
1000,30.466,0.03,0,0.03,OFF
1001,30.411,0.055,0,0.055,OFF
1002,30.343,0.068,0,0.068,OFF
1003,30.33,0.014,0,0.014,OFF
1004,30.297,0.033,0,0.033,OFF
1005,30.255,0.042,0,0.042,OFF
1006,30.208,0.046,0,0.046,OFF
1007,30.181,0.028,0,0.028,OFF
1008,30.196,0,0,0,OFF
1009,30.164,0.032,0,0.032,OFF
1010,30.148,0.016,0,0.016,OFF
1011,30.136,0.012,0,0.012,OFF
1012,30.111,0.025,0,0.025,OFF
1013,30.053,0.058,0,0.058,OFF
1014,30.009,0.045,0,0.045,OFF
1015,29.978,0.031,0,0.031,ON
1016,29.939,0.039,0,0.039,ON
1017,29.94,0,0,0,ON
1018,29.895,0.045,0,0.045,ON
1019,29.863,0.033,0,0.033,ON
1020,29.827,0.035,0,0.035,ON
1021,29.791,0.036,0,0.036,ON
1022,29.759,0.032,0,0.032,ON
1023,29.705,0.055,0,0.055,ON
1024,29.659,0.046,0,0.046,ON
1025,29.62,0.039,0,0.039,ON
1026,29.628,0,0,0,ON
1027,29.609,0.019,0,0.019,ON
1028,29.588,0.02,0,0.02,ON
1029,29.551,0.037,0,0.037,ON
1030,29.484,0.067,0,0.067,ON
1031,29.441,0.043,0,0.043,ON
1032,29.385,0.056,0,0.056,ON
1033,29.345,0.04,0,0.04,ON
1034,29.334,0.011,0,0.011,ON
1035,29.309,0.025,0,0.025,ON
1036,29.29,0.02,0,0.02,ON
1037,29.263,0.026,0,0.026,ON
1038,29.274,0,0,0,ON
1039,29.235,0.039,0,0.039,ON
1040,29.208,0.027,0,0.027,ON
1041,29.178,0.03,0,0.03,ON
1042,29.179,0,0,0,ON
1043,29.168,0.011,0,0.011,ON
1044,29.159,0.009,0,0.009,ON
1045,29.126,0.033,0,0.033,ON
1046,29.077,0.05,0,0.05,ON
1047,29.053,0.024,0,0.024,ON
1048,29.035,0.018,0,0.018,ON
1049,29.019,0.015,0,0.015,ON
1050,28.999,0.02,0,0.02,ON
1051,28.967,0.032,0,0.032,ON
1052,28.941,0.026,0,0.026,ON
1053,28.915,0.025,0,0.025,ON
1054,28.892,0.024,0,0.024,ON
1055,28.867,0.025,0,0.025,ON
1056,28.837,0.031,0,0.031,ON
1057,28.819,0.018,0,0.018,ON
1058,28.802,0.017,0,0.017,ON
1059,28.756,0.046,0,0.046,ON
1060,28.722,0.034,0,0.034,ON
1061,28.698,0.024,0,0.024,ON
1062,28.682,0.016,0,0.016,ON
1063,28.665,0.017,0,0.017,ON
1064,28.633,0.033,0,0.033,ON
1065,28.609,0.024,0,0.024,ON
1066,28.605,0.004,0,0.004,ON
1067,28.595,0.01,0,0.01,ON
1068,28.584,0.012,0,0.012,ON
1069,28.562,0.022,0,0.022,ON
1070,28.528,0.034,0,0.034,ON
1071,28.491,0.037,0,0.037,ON
1072,28.46,0.031,0,0.031,ON
1073,28.438,0.022,0,0.022,ON
1074,28.41,0.028,0,0.028,ON
1075,28.414,0,0,0,ON
1076,28.388,0.026,0,0.026,ON
1077,28.343,0.046,0,0.046,ON
1078,28.314,0.029,0,0.029,ON
1079,28.264,0.05,0,0.05,ON
1080,28.263,0.001,0,0.001,ON
1081,28.25,0.013,0,0.013,ON
1082,28.244,0.006,0,0.006,ON
1083,28.259,0,0,0,ON
1084,28.219,0.04,0,0.04,ON
1085,28.18,0.039,0,0.039,ON
1086,28.149,0.03,0,0.03,ON
1087,28.112,0.037,0,0.037,ON
1088,28.066,0.046,0,0.046,ON
1089,28.018,0.049,0,0.049,ON
1090,27.983,0.034,0,0.034,ON
1091,27.947,0.037,0,0.037,ON
1092,27.892,0.055,0,0.055,ON
1093,27.853,0.039,0,0.039,ON
1094,27.833,0.02,0,0.02,ON
1095,27.798,0.035,0,0.035,ON
1096,27.773,0.025,0,0.025,ON
1097,27.725,0.048,0,0.048,ON
1098,27.701,0.024,0,0.024,ON
1099,27.699,0.002,0,0.002,ON
1100,27.675,0.024,0,0.024,ON
1101,27.664,0.011,0,0.011,ON
1102,27.656,0.007,0,0.007,ON
1103,27.613,0.043,0,0.043,ON
1104,27.602,0.011,0,0.011,ON
1105,27.541,0.061,0,0.061,ON
1106,27.533,0.008,0,0.008,ON
1107,27.509,0.024,0,0.024,ON
1108,27.486,0.023,0,0.023,ON
1109,27.44,0.046,0,0.046,ON
1110,27.406,0.034,0,0.034,ON
1111,27.369,0.037,0,0.037,ON
1112,27.32,0.048,0,0.048,ON
1113,27.303,0.017,0,0.017,ON
1114,27.296,0.007,0,0.007,ON
1115,27.247,0.049,0,0.049,ON
1116,27.22,0.027,0,0.027,ON
1117,27.2,0.02,0,0.02,ON
1118,27.209,0,0,0,ON
1119,27.174,0.035,0,0.035,ON
1120,27.165,0.009,0,0.009,ON
1121,27.12,0.046,0,0.046,ON
1122,27.064,0.055,0,0.055,ON
1123,27.063,0.002,0,0.002,ON
1124,27.033,0.03,0,0.03,ON
1125,26.964,0.069,0,0.069,ON
1126,26.958,0.005,0,0.005,ON
1127,26.904,0.054,0,0.054,ON
1128,26.885,0.019,0,0.019,ON
1129,26.848,0.036,0,0.036,ON
1130,26.823,0.025,0,0.025,ON
1131,26.778,0.045,0,0.045,ON
1132,26.741,0.037,0,0.037,ON
1133,26.708,0.033,0,0.033,ON
1134,26.703,0.005,0,0.005,ON
1135,26.655,0.048,0,0.048,ON
1136,26.626,0.029,0,0.029,ON
1137,26.576,0.049,0,0.049,ON
1138,26.543,0.034,0,0.034,ON
1139,26.528,0.015,0,0.015,ON
1140,26.502,0.026,0,0.026,ON
1141,26.477,0.025,0,0.025,ON
1142,26.46,0.017,0,0.017,ON
1143,26.438,0.022,0,0.022,ON
1144,26.391,0.046,0,0.046,ON
1145,26.332,0.059,0,0.059,ON
1146,26.306,0.027,0,0.027,ON
1147,26.276,0.03,0,0.03,ON
1148,26.261,0.015,0,0.015,ON
1149,26.253,0.008,0,0.008,ON
1150,26.218,0.035,0,0.035,ON
1151,26.2,0.018,0,0.018,ON
1152,26.198,0.002,0,0.002,ON
1153,26.167,0.031,0,0.031,ON
1154,26.127,0.04,0,0.04,ON
1155,26.105,0.022,0,0.022,ON
1156,26.053,0.052,0,0.052,ON
1157,26.033,0.02,0,0.02,ON
1158,25.995,0.038,0,0.038,ON
1159,25.966,0.03,0,0.03,ON
1160,25.928,0.037,0,0.037,ON
1161,25.917,0.011,0,0.011,ON
1162,25.878,0.039,0,0.039,ON
1163,25.867,0.011,0,0.011,ON
1164,25.841,0.026,0,0.026,ON
1165,25.794,0.047,0,0.047,ON
1166,25.778,0.016,0,0.016,ON
1167,25.745,0.033,0,0.033,ON
1168,25.729,0.016,0,0.016,ON
1169,25.699,0.03,0,0.03,ON
1170,25.664,0.035,0,0.035,ON
1171,25.633,0.031,0,0.031,ON
1172,25.578,0.056,0,0.056,ON
1173,25.549,0.028,0,0.028,ON
1174,25.539,0.01,0,0.01,ON
1175,25.525,0.014,0,0.014,ON
1176,25.507,0.018,0,0.018,ON
1177,25.502,0.005,0,0.005,ON
1178,25.433,0.069,0,0.069,ON
1179,25.366,0.067,0,0.067,ON
1180,25.331,0.035,0,0.035,ON
1181,25.303,0.028,0,0.028,ON
1182,25.251,0.051,0,0.051,ON
1183,25.214,0.038,0,0.038,ON
1184,25.176,0.037,0,0.037,ON
1185,25.127,0.049,0,0.049,ON
1186,25.137,0,0,0,ON
1187,25.089,0.049,0,0.049,ON
1188,25.084,0.005,0,0.005,ON
1189,25.048,0.036,0,0.036,ON
1190,25.003,0.044,0,0.044,ON
1191,25.001,0.003,0,0.003,ON
1192,24.964,0.036,0,0.036,ON
1193,24.947,0.017,0,0.017,ON
1194,24.921,0.026,0,0.026,ON
1195,24.881,0.04,0,0.04,ON
1196,24.868,0.013,0,0.013,ON
1197,24.857,0.01,0,0.01,ON
1198,24.799,0.058,0,0.058,ON
1199,24.767,0.033,0,0.033,ON
1200,24.734,0.032,0,0.032,ON
1201,24.693,0.042,0,0.042,ON
1202,24.664,0.029,0,0.029,ON
1203,24.621,0.043,0,0.043,ON
1204,24.586,0.035,0,0.035,ON
1205,24.564,0.021,0,0.021,ON
1206,24.541,0.024,0,0.024,ON
1207,24.505,0.036,0,0.036,ON
1208,24.479,0.026,0,0.026,ON
1209,24.462,0.016,0,0.016,ON
1210,24.445,0.017,0,0.017,ON
1211,24.402,0.043,0,0.043,ON
1212,24.37,0.032,0,0.032,ON
1213,24.356,0.014,0,0.014,ON
1214,24.332,0.023,0,0.023,ON
1215,24.298,0.035,0,0.035,ON
1216,24.278,0.019,0,0.019,ON
1217,24.261,0.018,0,0.018,ON
1218,24.22,0.04,0,0.04,ON
1219,24.196,0.024,0,0.024,ON
1220,24.159,0.038,0,0.038,ON
1221,24.121,0.037,0,0.037,ON
1222,24.094,0.027,0,0.027,ON
1223,24.064,0.031,0,0.031,ON
1224,24.059,0.005,0,0.005,ON
1225,24.029,0.03,0,0.03,ON
1226,24.012,0.017,0,0.017,ON
1227,23.984,0.028,0,0.028,ON
1228,23.957,0.027,0,0.027,ON
1229,23.941,0.017,0,0.017,ON
1230,23.904,0.037,0,0.037,ON
1231,23.864,0.04,0,0.04,ON
1232,23.854,0.01,0,0.01,ON
1233,23.823,0.031,0,0.031,ON
1234,23.809,0.014,0,0.014,ON
1235,23.788,0.02,0,0.02,ON
1236,23.77,0.018,0,0.018,ON
1237,23.736,0.034,0,0.034,ON
1238,23.716,0.02,0,0.02,ON
1239,23.675,0.041,0,0.041,ON
1240,23.634,0.042,0,0.042,ON
1241,23.593,0.04,0,0.04,ON
1242,23.578,0.015,0,0.015,ON
1243,23.552,0.026,0,0.026,ON
1244,23.541,0.011,0,0.011,ON
1245,23.518,0.023,0,0.023,ON
1246,23.478,0.04,0,0.04,ON
1247,23.463,0.014,0,0.014,ON
1248,23.425,0.039,0,0.039,ON
1249,23.382,0.043,0,0.043,ON
1250,23.336,0.045,0,0.045,ON
1251,23.3,0.036,0,0.036,ON
1252,23.268,0.032,0,0.032,ON
1253,23.241,0.027,0,0.027,ON
1254,23.197,0.044,0,0.044,ON
1255,23.174,0.023,0,0.023,ON
1256,23.176,0,0,0,ON
1257,23.136,0.04,0,0.04,ON
1258,23.103,0.033,0,0.033,ON
1259,23.07,0.033,0,0.033,ON
1260,23.04,0.03,0,0.03,ON
1261,23.018,0.022,0,0.022,ON
1262,22.996,0.021,0,0.021,ON
1263,22.991,0.006,0,0.006,ON
1264,22.98,0.011,0,0.011,ON
1265,22.954,0.026,0,0.026,ON
1266,22.933,0.021,0,0.021,ON
1267,22.907,0.027,0,0.027,ON
1268,22.907,0,0,0,ON
1269,22.875,0.032,0,0.032,ON
1270,22.834,0.041,0,0.041,ON
1271,22.791,0.042,0,0.042,ON
1272,22.779,0.013,0,0.013,ON
1273,22.753,0.026,0,0.026,ON
1274,22.72,0.033,0,0.033,ON
1275,22.699,0.021,0,0.021,ON
1276,22.641,0.058,0,0.058,ON
1277,22.611,0.031,0,0.031,ON
1278,22.601,0.01,0,0.01,ON
1279,22.569,0.032,0,0.032,ON
1280,22.55,0.019,0,0.019,ON
1281,22.5,0.05,0,0.05,ON
1282,22.436,0.064,0,0.064,ON
1283,22.404,0.032,0,0.032,ON
1284,22.381,0.023,0,0.023,ON
1285,22.377,0.004,0,0.004,ON
1286,22.359,0.018,0,0.018,ON
1287,22.32,0.038,0,0.038,ON
1288,22.279,0.042,0,0.042,ON
1289,22.285,0,0,0,ON
1290,22.29,0,0,0,ON
1291,22.243,0.047,0,0.047,ON
1292,22.2,0.043,0,0.043,ON
1293,22.161,0.039,0,0.039,ON
1294,22.16,0.001,0,0.001,ON
1295,22.141,0.019,0,0.019,ON
1296,22.119,0.022,0,0.022,ON
1297,22.071,0.048,0,0.048,ON
1298,22.049,0.022,0,0.022,ON
1299,22.015,0.034,0,0.034,ON
1300,22.033,0,0,0,ON
1301,22.01,0.023,0,0.023,ON
1302,22.011,0,0,0,ON
1303,21.977,0.034,0,0.034,ON
1304,21.955,0.022,0,0.022,ON
1305,21.935,0.021,0,0.021,ON
1306,21.911,0.024,0,0.024,ON
1307,21.875,0.036,0,0.036,ON
1308,21.875,0,0,0,ON
1309,21.834,0.041,0,0.041,ON
1310,21.807,0.027,0,0.027,ON
1311,21.814,0,0,0,ON
1312,21.795,0.019,0,0.019,ON
1313,21.762,0.032,0,0.032,ON
1314,21.74,0.022,0,0.022,ON
1315,21.703,0.037,0,0.037,ON
1316,21.703,0.001,0,0.001,ON
1317,21.669,0.033,0,0.033,ON
1318,21.64,0.029,0,0.029,ON
1319,21.617,0.023,0,0.023,ON
1320,21.596,0.021,0,0.021,ON
1321,21.563,0.034,0,0.034,ON
1322,21.558,0.004,0,0.004,ON
1323,21.528,0.03,0,0.03,ON
1324,21.488,0.04,0,0.04,ON
1325,21.452,0.036,0,0.036,ON
1326,21.433,0.018,0,0.018,ON
1327,21.417,0.016,0,0.016,ON
1328,21.379,0.038,0,0.038,ON
1329,21.356,0.023,0,0.023,ON
1330,21.325,0.032,0,0.032,ON
1331,21.301,0.023,0,0.023,ON
1332,21.26,0.041,0,0.041,ON
1333,21.224,0.036,0,0.036,ON
1334,21.187,0.037,0,0.037,ON
1335,21.153,0.035,0,0.035,ON
1336,21.149,0.003,0,0.003,ON
1337,21.127,0.022,0,0.022,ON
1338,21.08,0.047,0,0.047,ON
1339,21.066,0.014,0,0.014,ON
1340,21.041,0.025,0,0.025,ON
1341,21.021,0.02,0,0.02,ON
1342,21.004,0.017,0,0.017,ON
1343,20.968,0.036,0,0.036,ON
1344,20.95,0.018,0,0.018,ON
1345,20.919,0.031,0,0.031,ON
1346,20.878,0.04,0,0.04,ON
1347,20.843,0.035,0,0.035,ON
1348,20.813,0.03,0,0.03,ON
1349,20.778,0.034,0,0.034,ON
1350,20.735,0.044,0,0.044,ON
1351,20.718,0.017,0,0.017,ON
1352,20.699,0.019,0,0.019,ON
1353,20.669,0.03,0,0.03,ON
1354,20.633,0.036,0,0.036,ON
1355,20.606,0.027,0,0.027,ON
1356,20.587,0.019,0,0.019,ON
1357,20.527,0.06,0,0.06,ON
1358,20.51,0.017,0,0.017,ON
1359,20.474,0.036,0,0.036,ON
1360,20.464,0.01,0,0.01,ON
1361,20.397,0.066,0,0.066,ON
1362,20.347,0.05,0,0.05,ON
1363,20.309,0.038,0,0.038,ON
1364,20.279,0.03,0,0.03,ON
1365,20.265,0.014,0,0.014,ON
1366,20.228,0.036,0,0.036,ON
1367,20.199,0.029,0,0.029,ON
1368,20.18,0.019,0,0.019,ON
1369,20.169,0.012,0,0.012,ON
1370,20.158,0.01,0,0.01,ON
1371,20.15,0.008,0,0.008,ON
1372,20.126,0.024,0,0.024,ON
1373,20.086,0.039,0,0.039,ON
1374,20.062,0.024,0,0.024,ON
1375,20.037,0.026,0,0.026,ON
1376,20.031,0.006,0,0.006,ON
1377,20,0.031,0,0.031,ON
1378,20,0,0,0,ON
1379,20,0,0,0,ON
1380,20,0,0,0,ON
1381,20,0,0,0,ON
1382,20,0,0,0,ON
1383,20,0,0,0,ON
1384,20,0,0,0,ON
1385,20,0,0,0,ON
1386,20,0,0,0,ON
1387,20,0,0,0,ON
1388,20,0,0,0,ON
1389,20,0,0,0,ON
1390,20,0,0,0,ON